Epoch,Train Loss,Test Loss,Epoch Time (s),Portfolio Value,Avg Epoch Time (s)
0,0.00042807412683032453,0.00019125177641399205,0,0.8362472653388977,0
